{
  "0": {
    "precision": 0.9959807073954984,
    "recall": 0.9959807073954984,
    "f1-score": 0.9959807073954984,
    "support": 1244.0
  },
  "1": {
    "precision": 0.16666666666666666,
    "recall": 0.16666666666666666,
    "f1-score": 0.16666666666666666,
    "support": 6.0
  },
  "accuracy": 0.992,
  "macro avg": {
    "precision": 0.5813236870310825,
    "recall": 0.5813236870310825,
    "f1-score": 0.5813236870310825,
    "support": 1250.0
  },
  "weighted avg": {
    "precision": 0.992,
    "recall": 0.992,
    "f1-score": 0.992,
    "support": 1250.0
  }
}