{
  "0": {
    "precision": 0.9992398602790799,
    "recall": 0.997353565460868,
    "f1-score": 0.9982958218252336,
    "support": 110715.0
  },
  "1": {
    "precision": 0.5407523510971787,
    "recall": 0.8041958041958042,
    "f1-score": 0.6466729147141518,
    "support": 429.0
  },
  "accuracy": 0.9966080040308068,
  "macro avg": {
    "precision": 0.7699961056881293,
    "recall": 0.900774684828336,
    "f1-score": 0.8224843682696927,
    "support": 111144.0
  },
  "weighted avg": {
    "precision": 0.9974701638362756,
    "recall": 0.9966080040308068,
    "f1-score": 0.9969386075163131,
    "support": 111144.0
  }
}