iter	Logloss
0	0.6105422012
1	0.5426848677
2	0.4899314149
3	0.4425813342
4	0.4004118952
5	0.3642279363
6	0.3316398507
7	0.3069111901
8	0.2838077159
9	0.2624182871
